GRID,H_T_USDA,H_S_USDA
1,11,0
2,11,0
3,11,0
4,11,0
5,11,0
6,11,0
7,11,0
8,11,0
9,11,0
10,11,0
11,11,0
12,11,0
13,11,0
14,11,0
15,11,0
16,11,0
17,0,0
18,11,0
19,11,0
20,11,0
21,11,0
22,11,0
23,9,0
24,9,0
25,9,0
26,11,0
27,11,0
28,11,0
29,11,0
30,9,0
31,11,0
32,11,0
33,11,0
34,11,0
35,11,0
36,11,0
37,11,0
38,10,12
39,10,12
40,10,12
41,2,5
42,11,0
43,11,0
44,9,0
45,11,0
46,11,0
47,11,0
48,11,0
49,11,0
50,11,0
51,11,0
52,11,0
53,11,0
54,11,0
55,11,0
56,11,0
57,11,0
58,11,0
59,9,9
60,11,0
61,11,0
62,11,0
63,11,0
64,11,0
65,11,0
66,11,0
67,11,0
68,11,0
69,0,0
70,11,0
71,9,0
72,11,0
73,11,0
74,11,0
75,11,0
76,11,0
77,11,0
78,11,0
79,11,0
80,11,0
81,9,5
82,11,0
83,11,0
84,11,0
85,11,0
86,11,0
87,11,0
88,9,9
89,9,0
90,11,0
91,9,9
92,11,0
93,11,0
94,11,0
95,9,9
96,9,9
97,9,9
98,9,9
99,11,0
100,11,0
101,11,0
102,11,0
103,9,9
104,11,0
105,9,5
106,11,0
107,11,0
108,11,0
109,2,5
110,11,0
111,11,0
112,9,0
113,11,0
114,11,0
115,9,9
116,11,0
117,11,0
118,11,0
119,9,9
120,11,0
121,9,9
122,9,9
123,9,9
124,9,9
125,11,0
126,9,9
127,11,0
128,11,0
129,11,0
130,11,0
131,11,0
132,11,0
133,11,0
134,11,0
135,9,5
136,9,9
137,12,10
138,9,9
139,9,9
140,9,9
141,9,9
142,9,9
143,9,9
144,11,11
145,11,11
146,11,0
147,11,0
148,3,3
149,3,3
150,9,0
151,11,0
152,11,0
153,9,9
154,11,0
155,11,0
156,11,0
157,11,0
158,11,0
159,11,0
160,11,0
161,11,0
162,11,0
163,11,0
164,11,0
165,9,0
166,9,0
167,11,0
168,3,3
169,11,0
170,9,0
171,9,5
172,11,0
173,11,0
174,11,0
175,11,0
176,9,5
177,9,0
178,9,5
179,9,9
180,12,10
181,9,9
182,12,10
183,9,9
184,9,5
185,9,9
186,9,9
187,9,9
188,9,5
189,10,10
190,9,9
191,10,10
192,9,9
193,9,9
194,9,9
195,9,9
196,7,9
197,7,9
198,9,9
199,11,11
200,9,0
201,9,0
202,9,5
203,11,0
204,11,0
205,11,0
206,11,0
207,9,9
208,9,9
209,9,9
210,3,3
211,3,3
212,11,0
213,11,0
214,11,0
215,11,0
216,9,5
217,11,0
218,11,0
219,9,5
220,11,0
221,9,0
222,9,0
223,9,0
224,11,0
225,9,0
226,11,0
227,9,5
228,11,0
229,11,0
230,9,5
231,11,0
232,11,0
233,9,5
234,9,0
235,11,0
236,11,0
237,9,0
238,9,0
239,9,5
240,9,9
241,9,9
242,9,9
243,9,9
244,10,10
245,9,9
246,9,9
247,10,10
248,10,10
249,9,5
250,9,5
251,9,9
252,12,12
253,9,9
254,9,9
255,9,9
256,9,9
257,9,9
258,9,5
259,7,9
260,9,9
261,9,9
262,9,9
263,10,10
264,10,10
265,9,9
266,9,9
267,9,9
268,9,9
269,9,9
270,9,0
271,9,0
272,11,0
273,11,0
274,9,9
275,9,9
276,11,0
277,11,0
278,11,0
279,9,9
280,9,5
281,9,5
282,11,0
283,11,0
284,9,5
285,11,0
286,9,0
287,11,0
288,11,0
289,11,0
290,11,0
291,9,0
292,11,0
293,11,0
294,11,0
295,9,5
296,9,5
297,9,5
298,11,0
299,9,0
300,3,3
301,11,0
302,11,0
303,11,0
304,9,9
305,3,3
306,9,0
307,9,9
308,9,9
309,9,9
310,9,5
311,9,9
312,10,10
313,10,10
314,9,9
315,10,10
316,9,9
317,10,10
318,10,10
319,10,10
320,9,9
321,10,10
322,9,9
323,12,12
324,9,5
325,12,12
326,9,9
327,11,11
328,11,11
329,9,9
330,9,9
331,9,9
332,9,9
333,9,5
334,9,9
335,9,9
336,9,9
337,10,10
338,9,9
339,9,9
340,9,5
341,9,9
342,9,9
343,9,9
344,9,5
345,9,9
346,9,5
347,9,9
348,11,0
349,11,0
350,11,0
351,3,3
352,9,5
353,9,5
354,9,5
355,9,5
356,11,0
357,11,0
358,11,0
359,9,5
360,9,5
361,11,0
362,11,0
363,11,0
364,9,0
365,3,3
366,11,0
367,11,0
368,11,0
369,11,0
370,11,0
371,9,0
372,11,0
373,11,0
374,11,0
375,3,10
376,11,0
377,3,10
378,11,0
379,11,0
380,11,0
381,11,0
382,9,0
383,11,0
384,11,0
385,9,5
386,9,0
387,9,5
388,9,9
389,9,9
390,9,9
391,9,5
392,9,9
393,10,10
394,10,10
395,9,9
396,11,11
397,10,10
398,12,12
399,11,11
400,9,5
401,9,5
402,12,12
403,9,5
404,11,11
405,11,11
406,11,11
407,9,5
408,9,5
409,9,5
410,9,5
411,9,9
412,11,11
413,9,9
414,9,9
415,10,10
416,9,9
417,9,5
418,9,9
419,9,9
420,9,9
421,11,11
422,10,10
423,9,5
424,9,9
425,9,9
426,9,5
427,9,5
428,11,0
429,0,0
430,11,0
431,11,0
432,9,0
433,9,0
434,9,5
435,11,0
436,11,0
437,9,0
438,11,0
439,11,0
440,11,0
441,9,5
442,11,0
443,11,0
444,9,5
445,0,0
446,11,0
447,11,0
448,9,0
449,11,0
450,11,0
451,9,0
452,11,0
453,11,0
454,11,0
455,11,0
456,9,9
457,11,0
458,11,0
459,11,0
460,11,0
461,11,0
462,11,0
463,11,0
464,11,0
465,11,0
466,11,0
467,11,0
468,11,0
469,11,0
470,11,0
471,11,0
472,9,0
473,9,0
474,9,5
475,9,5
476,9,9
477,9,9
478,9,9
479,10,10
480,9,9
481,10,10
482,10,10
483,9,5
484,9,9
485,9,5
486,12,12
487,9,5
488,9,9
489,11,11
490,9,9
491,9,9
492,9,5
493,9,9
494,9,5
495,9,5
496,9,9
497,9,9
498,9,9
499,9,9
500,7,9
501,9,5
502,9,9
503,9,9
504,9,5
505,9,9
506,9,5
507,9,9
508,9,9
509,9,9
510,9,5
511,9,5
512,9,9
513,9,5
514,9,9
515,11,0
516,9,9
517,11,0
518,9,0
519,9,0
520,9,5
521,11,0
522,11,0
523,11,0
524,11,0
525,11,0
526,11,0
527,11,0
528,11,0
529,11,0
530,11,0
531,11,0
532,11,0
533,11,0
534,11,0
535,11,0
536,11,0
537,9,5
538,11,0
539,11,0
540,11,0
541,9,0
542,11,0
543,11,0
544,11,0
545,9,0
546,11,0
547,11,0
548,11,0
549,11,0
550,11,0
551,11,0
552,11,0
553,11,0
554,11,0
555,11,0
556,9,5
557,9,0
558,9,0
559,9,0
560,9,0
561,9,0
562,9,0
563,9,0
564,9,5
565,9,9
566,9,9
567,9,9
568,10,10
569,11,11
570,10,10
571,9,9
572,9,9
573,9,9
574,7,9
575,9,5
576,9,5
577,7,9
578,9,5
579,9,9
580,9,9
581,9,9
582,9,5
583,3,3
584,9,9
585,9,9
586,9,5
587,9,9
588,9,9
589,9,5
590,9,5
591,9,9
592,9,5
593,9,9
594,9,5
595,9,0
596,9,5
597,9,5
598,9,5
599,9,5
600,9,5
601,9,5
602,9,5
603,11,0
604,11,0
605,11,0
606,9,5
607,11,0
608,9,5
609,11,0
610,9,5
611,11,0
612,9,5
613,9,5
614,9,0
615,9,0
616,11,0
617,9,5
618,9,5
619,11,0
620,11,0
621,9,5
622,11,0
623,9,5
624,11,0
625,9,5
626,9,0
627,11,0
628,11,0
629,11,0
630,11,0
631,11,0
632,11,0
633,11,0
634,11,0
635,11,0
636,11,0
637,11,0
638,9,0
639,11,0
640,9,5
641,9,0
642,9,5
643,9,0
644,9,5
645,9,0
646,9,5
647,9,5
648,9,9
649,9,9
650,11,11
651,9,9
652,11,11
653,11,11
654,9,9
655,9,9
656,9,9
657,9,5
658,7,9
659,9,5
660,7,9
661,9,9
662,9,5
663,7,9
664,9,5
665,9,5
666,9,9
667,9,9
668,9,5
669,9,9
670,11,11
671,9,9
672,9,9
673,9,9
674,9,9
675,9,9
676,9,5
677,9,9
678,9,0
679,9,9
680,9,9
681,3,3
682,9,9
683,9,9
684,9,9
685,9,9
686,9,9
687,9,9
688,7,9
689,9,9
690,7,9
691,7,9
692,12,12
693,9,5
694,9,3
695,9,3
696,11,0
697,9,3
698,0,0
699,11,0
700,9,5
701,9,5
702,11,0
703,9,3
704,11,0
705,9,5
706,11,0
707,11,0
708,11,0
709,9,3
710,11,0
711,11,0
712,9,3
713,9,5
714,11,0
715,9,5
716,11,0
717,11,0
718,9,5
719,11,0
720,11,0
721,11,0
722,7,5
723,11,0
724,9,5
725,9,5
726,9,5
727,9,5
728,9,5
729,9,9
730,11,0
731,9,5
732,9,5
733,9,5
734,9,5
735,9,5
736,9,5
737,9,5
738,9,5
739,9,5
740,9,9
741,9,9
742,9,9
743,9,9
744,9,9
745,9,5
746,9,9
747,9,9
748,9,5
749,9,9
750,9,5
751,9,9
752,9,5
753,9,5
754,7,9
755,9,5
756,9,5
757,3,3
758,9,9
759,9,5
760,9,9
761,9,9
762,9,9
763,0,0
764,9,9
765,0,0
766,9,9
767,9,9
768,3,3
769,9,9
770,9,9
771,9,9
772,9,9
773,9,9
774,9,9
775,7,9
776,7,9
777,9,9
778,9,9
779,7,9
780,7,9
781,0,0
782,7,9
783,11,0
784,11,0
785,9,3
786,11,0
787,9,5
788,9,5
789,9,9
790,9,5
791,11,0
792,11,0
793,9,5
794,7,5
795,9,5
796,9,5
797,11,0
798,11,0
799,11,0
800,11,0
801,9,5
802,11,0
803,9,5
804,11,0
805,11,0
806,9,5
807,7,5
808,9,5
809,9,5
810,9,5
811,9,5
812,9,5
813,9,5
814,11,0
815,9,5
816,3,3
817,9,5
818,11,0
819,9,5
820,9,9
821,9,9
822,9,9
823,9,9
824,9,9
825,3,3
826,9,9
827,3,3
828,9,9
829,9,5
830,9,9
831,9,9
832,3,3
833,9,5
834,9,9
835,3,3
836,9,5
837,9,5
838,9,5
839,9,5
840,9,5
841,9,9
842,9,9
843,9,9
844,9,5
845,9,5
846,9,9
847,9,9
848,9,9
849,0,0
850,9,9
851,9,9
852,3,3
853,3,3
854,9,5
855,7,9
856,9,9
857,9,5
858,7,9
859,13,13
860,9,5
861,9,9
862,9,9
863,13,13
864,13,13
865,7,9
866,9,9
867,13,13
868,13,13
869,7,9
870,11,0
871,9,5
872,9,3
873,11,0
874,11,0
875,9,3
876,9,5
877,9,5
878,9,5
879,11,0
880,9,5
881,9,5
882,9,5
883,11,0
884,9,5
885,9,5
886,11,0
887,9,5
888,7,5
889,7,5
890,9,5
891,9,5
892,9,5
893,11,0
894,3,3
895,11,0
896,9,5
897,9,5
898,9,5
899,3,3
900,3,3
901,9,9
902,3,3
903,9,9
904,9,9
905,9,9
906,9,9
907,7,9
908,9,9
909,9,9
910,9,9
911,9,9
912,9,9
913,9,9
914,9,5
915,9,5
916,9,5
917,9,5
918,9,5
919,9,5
920,9,9
921,9,9
922,12,12
923,9,5
924,9,9
925,9,5
926,9,9
927,7,9
928,7,9
929,9,9
930,9,9
931,7,9
932,9,9
933,9,9
934,7,9
935,9,9
936,7,9
937,9,9
938,13,13
939,7,9
940,7,9
941,9,5
942,9,5
943,7,9
944,9,5
945,3,3
946,9,5
947,7,9
948,0,0
949,7,9
950,0,0
951,7,9
952,9,9
953,9,5
954,11,0
955,9,9
956,11,0
957,11,0
958,9,5
959,11,0
960,11,0
961,7,5
962,9,5
963,11,0
964,7,5
965,9,5
966,11,0
967,9,5
968,9,3
969,9,5
970,11,0
971,11,11
972,9,5
973,9,3
974,9,5
975,9,5
976,11,11
977,9,5
978,9,5
979,9,5
980,9,9
981,3,3
982,9,5
983,9,9
984,9,9
985,9,9
986,9,9
987,9,9
988,9,9
989,9,9
990,9,9
991,9,9
992,9,9
993,7,9
994,9,9
995,9,9
996,9,5
997,9,5
998,9,5
999,9,5
1000,9,5
1001,9,5
1002,9,5
1003,9,9
1004,9,9
1005,9,9
1006,3,3
1007,9,9
1008,9,9
1009,9,5
1010,3,3
1011,9,9
1012,9,9
1013,9,9
1014,7,9
1015,9,9
1016,9,9
1017,7,9
1018,9,0
1019,9,9
1020,9,5
1021,9,9
1022,7,9
1023,9,9
1024,7,9
1025,9,9
1026,7,9
1027,9,9
1028,7,9
1029,4,4
1030,13,13
1031,7,9
1032,7,9
1033,7,9
1034,5,5
1035,9,9
1036,7,9
1037,7,9
1038,7,9
1039,7,9
1040,11,0
1041,9,5
1042,9,5
1043,9,5
1044,11,11
1045,11,0
1046,9,3
1047,11,0
1048,11,0
1049,7,5
1050,11,0
1051,9,5
1052,11,0
1053,9,5
1054,9,5
1055,9,5
1056,9,5
1057,9,5
1058,9,5
1059,9,5
1060,9,5
1061,9,5
1062,9,5
1063,11,0
1064,9,5
1065,11,11
1066,9,9
1067,9,5
1068,3,3
1069,7,9
1070,9,9
1071,9,5
1072,9,9
1073,9,9
1074,9,9
1075,9,5
1076,9,9
1077,9,9
1078,9,9
1079,9,9
1080,9,9
1081,9,9
1082,9,5
1083,9,5
1084,9,5
1085,9,5
1086,9,9
1087,9,5
1088,9,5
1089,9,5
1090,9,5
1091,9,9
1092,9,5
1093,9,5
1094,9,9
1095,9,9
1096,3,3
1097,3,3
1098,7,9
1099,9,9
1100,7,9
1101,7,9
1102,9,9
1103,9,5
1104,9,9
1105,9,9
1106,7,9
1107,9,9
1108,9,9
1109,9,5
1110,9,5
1111,0,0
1112,4,4
1113,9,9
1114,9,9
1115,9,5
1116,7,9
1117,9,9
1118,7,9
1119,9,9
1120,7,9
1121,9,9
1122,9,9
1123,7,9
1124,13,13
1125,13,13
1126,7,9
1127,9,5
1128,11,0
1129,9,5
1130,9,5
1131,11,0
1132,11,11
1133,9,5
1134,7,5
1135,11,0
1136,9,3
1137,9,3
1138,9,3
1139,7,5
1140,9,5
1141,9,5
1142,11,0
1143,11,0
1144,9,5
1145,9,5
1146,9,5
1147,9,5
1148,9,5
1149,9,5
1150,9,5
1151,9,5
1152,11,0
1153,9,9
1154,7,9
1155,7,9
1156,9,9
1157,9,5
1158,9,5
1159,9,9
1160,9,9
1161,9,9
1162,9,9
1163,9,9
1164,9,5
1165,9,5
1166,9,9
1167,9,5
1168,9,9
1169,9,9
1170,9,9
1171,9,5
1172,9,5
1173,9,5
1174,9,9
1175,9,9
1176,9,5
1177,9,9
1178,9,9
1179,9,5
1180,3,3
1181,9,5
1182,9,5
1183,9,5
1184,3,3
1185,9,9
1186,7,9
1187,7,9
1188,9,9
1189,9,9
1190,7,9
1191,9,9
1192,7,9
1193,9,9
1194,9,9
1195,9,9
1196,3,3
1197,9,9
1198,9,9
1199,9,9
1200,9,9
1201,7,9
1202,7,9
1203,7,9
1204,7,9
1205,7,9
1206,0,0
1207,3,3
1208,9,9
1209,3,3
1210,9,9
1211,0,0
1212,13,13
1213,13,13
1214,4,4
1215,9,5
1216,11,0
1217,9,5
1218,9,5
1219,7,5
1220,11,11
1221,11,0
1222,9,5
1223,11,0
1224,9,3
1225,11,0
1226,7,5
1227,11,0
1228,9,5
1229,9,5
1230,9,5
1231,9,5
1232,9,5
1233,9,5
1234,11,0
1235,9,5
1236,9,3
1237,9,5
1238,9,5
1239,9,5
1240,9,5
1241,13,13
1242,13,13
1243,9,9
1244,9,9
1245,9,9
1246,9,5
1247,9,9
1248,9,9
1249,9,9
1250,9,9
1251,9,9
1252,9,9
1253,9,9
1254,9,9
1255,9,9
1256,9,9
1257,9,5
1258,9,9
1259,9,9
1260,13,13
1261,9,9
1262,9,9
1263,9,9
1264,9,9
1265,3,3
1266,9,9
1267,9,5
1268,3,3
1269,9,5
1270,3,3
1271,9,9
1272,9,9
1273,9,9
1274,9,9
1275,7,9
1276,9,9
1277,9,9
1278,9,9
1279,7,9
1280,7,9
1281,9,9
1282,9,9
1283,7,9
1284,7,9
1285,7,9
1286,9,9
1287,9,9
1288,9,5
1289,9,5
1290,9,9
1291,9,9
1292,9,9
1293,9,9
1294,7,9
1295,9,9
1296,13,13
1297,9,9
1298,0,0
1299,7,9
1300,4,4
1301,9,9
1302,9,9
1303,9,9
1304,7,9
1305,9,5
1306,11,0
1307,11,0
1308,7,5
1309,11,0
1310,9,5
1311,9,5
1312,9,5
1313,9,5
1314,11,0
1315,9,3
1316,9,5
1317,11,0
1318,11,0
1319,9,5
1320,9,5
1321,11,0
1322,9,5
1323,9,9
1324,9,5
1325,11,11
1326,11,11
1327,9,5
1328,9,5
1329,9,5
1330,7,9
1331,7,9
1332,13,13
1333,9,9
1334,9,9
1335,9,9
1336,9,9
1337,9,9
1338,9,5
1339,9,9
1340,9,9
1341,9,5
1342,9,5
1343,9,9
1344,9,9
1345,9,9
1346,9,9
1347,9,9
1348,9,9
1349,9,5
1350,13,13
1351,9,9
1352,9,9
1353,9,9
1354,9,9
1355,9,9
1356,9,9
1357,10,12
1358,9,9
1359,9,5
1360,9,5
1361,9,9
1362,9,9
1363,9,9
1364,7,9
1365,9,9
1366,3,3
1367,9,9
1368,10,12
1369,7,9
1370,9,9
1371,9,9
1372,7,9
1373,9,5
1374,9,9
1375,9,5
1376,9,9
1377,9,9
1378,9,9
1379,9,9
1380,9,9
1381,9,9
1382,9,9
1383,7,9
1384,7,9
1385,9,9
1386,5,5
1387,5,5
1388,9,5
1389,7,9
1390,7,9
1391,9,9
1392,3,3
1393,5,5
1394,9,5
1395,9,5
1396,11,0
1397,9,5
1398,11,0
1399,9,10
1400,9,9
1401,11,0
1402,11,0
1403,9,9
1404,9,9
1405,11,0
1406,9,9
1407,9,9
1408,9,10
1409,9,9
1410,9,9
1411,9,9
1412,9,10
1413,9,9
1414,9,9
1415,9,10
1416,9,9
1417,13,13
1418,13,13
1419,13,13
1420,9,5
1421,9,9
1422,9,9
1423,9,9
1424,9,9
1425,9,9
1426,9,9
1427,9,9
1428,9,9
1429,9,9
1430,9,9
1431,9,5
1432,9,5
1433,9,5
1434,9,9
1435,13,13
1436,9,9
1437,9,9
1438,9,9
1439,9,9
1440,9,9
1441,9,5
1442,9,5
1443,9,9
1444,9,9
1445,9,9
1446,9,5
1447,9,5
1448,9,5
1449,9,9
1450,9,5
1451,7,9
1452,7,9
1453,13,13
1454,9,9
1455,7,9
1456,7,9
1457,9,9
1458,9,9
1459,7,9
1460,9,9
1461,9,9
1462,9,9
1463,9,9
1464,9,9
1465,9,9
1466,9,9
1467,9,9
1468,9,9
1469,9,9
1470,7,9
1471,9,9
1472,5,5
1473,9,9
1474,3,3
1475,7,9
1476,9,5
1477,5,5
1478,9,5
1479,9,9
1480,5,5
1481,5,5
1482,11,0
1483,9,5
1484,9,5
1485,11,0
1486,11,0
1487,11,0
1488,9,5
1489,11,0
1490,11,0
1491,9,9
1492,9,9
1493,9,5
1494,9,9
1495,9,5
1496,9,9
1497,9,9
1498,10,10
1499,9,9
1500,11,0
1501,9,9
1502,9,9
1503,9,9
1504,9,5
1505,13,13
1506,9,5
1507,9,9
1508,9,9
1509,9,9
1510,9,9
1511,9,9
1512,9,9
1513,9,9
1514,9,9
1515,9,5
1516,9,9
1517,9,9
1518,9,5
1519,9,9
1520,9,5
1521,9,9
1522,9,9
1523,#N/A,#N/A
1524,9,9
1525,9,5
1526,9,9
1527,9,9
1528,9,5
1529,9,5
1530,9,9
1531,9,9
1532,9,9
1533,9,9
1534,10,12
1535,10,12
1536,5,5
1537,7,9
1538,7,9
1539,7,9
1540,9,9
1541,13,13
1542,9,9
1543,9,5
1544,7,9
1545,9,9
1546,7,9
1547,9,9
1548,9,9
1549,9,9
1550,9,5
1551,5,5
1552,9,9
1553,9,9
1554,9,5
1555,9,9
1556,7,9
1557,7,9
1558,#N/A,#N/A
1559,9,9
1560,9,9
1561,9,9
1562,3,3
1563,9,5
1564,9,9
1565,9,5
1566,9,5
1567,5,5
1568,9,5
1569,11,0
1570,9,5
1571,9,5
1572,11,0
1573,9,9
1574,9,9
1575,9,5
1576,11,0
1577,9,5
1578,11,0
1579,9,9
1580,9,9
1581,9,5
1582,9,9
1583,9,5
1584,9,5
1585,9,9
1586,9,5
1587,9,9
1588,9,9
1589,13,13
1590,9,5
1591,9,9
1592,13,13
1593,9,9
1594,9,5
1595,9,9
1596,9,9
1597,9,9
1598,9,9
1599,9,9
1600,9,5
1601,9,9
1602,9,9
1603,9,9
1604,9,5
1605,9,5
1606,9,9
1607,9,9
1608,#N/A,#N/A
1609,9,9
1610,9,9
1611,9,9
1612,9,9
1613,9,9
1614,9,5
1615,9,9
1616,9,9
1617,9,9
1618,9,9
1619,9,5
1620,9,9
1621,9,9
1622,9,5
1623,9,5
1624,9,5
1625,3,3
1626,13,13
1627,9,5
1628,9,9
1629,7,9
1630,9,9
1631,9,9
1632,#N/A,#N/A
1633,5,5
1634,9,9
1635,9,5
1636,9,9
1637,9,5
1638,5,5
1639,9,5
1640,7,9
1641,7,9
1642,7,9
1643,9,9
1644,9,5
1645,9,5
1646,9,9
1647,9,9
1648,5,5
1649,9,9
1650,5,5
1651,5,5
1652,9,5
1653,5,5
1654,9,9
1655,7,5
1656,9,5
1657,9,5
1658,9,9
1659,11,0
1660,9,9
1661,11,0
1662,11,0
1663,9,5
1664,11,0
1665,9,5
1666,9,9
1667,9,5
1668,9,5
1669,11,0
1670,11,0
1671,9,9
1672,9,5
1673,9,9
1674,9,9
1675,3,3
1676,13,13
1677,13,13
1678,9,9
1679,9,9
1680,9,9
1681,9,5
1682,9,9
1683,9,9
1684,9,9
1685,9,9
1686,9,9
1687,9,9
1688,9,5
1689,9,9
1690,9,9
1691,9,9
1692,9,5
1693,9,9
1694,9,9
1695,9,9
1696,9,9
1697,9,5
1698,9,9
1699,9,9
1700,9,5
1701,9,5
1702,9,5
1703,9,9
1704,9,9
1705,9,5
1706,9,5
1707,3,3
1708,10,12
1709,9,9
1710,9,9
1711,9,9
1712,9,5
1713,13,13
1714,7,9
1715,13,13
1716,3,3
1717,13,13
1718,5,5
1719,9,5
1720,7,9
1721,3,3
1722,3,3
1723,10,12
1724,9,5
1725,9,5
1726,5,5
1727,5,5
1728,9,9
1729,9,5
1730,5,5
1731,9,9
1732,5,5
1733,5,5
1734,9,5
1735,5,5
1736,5,5
1737,9,5
1738,9,9
1739,9,5
1740,9,9
1741,9,9
1742,11,0
1743,9,5
1744,9,5
1745,11,0
1746,9,5
1747,9,9
1748,9,5
1749,9,9
1750,11,0
1751,9,9
1752,9,9
1753,9,10
1754,9,10
1755,9,9
1756,9,9
1757,9,5
1758,9,9
1759,9,9
1760,13,13
1761,9,5
1762,9,5
1763,9,5
1764,9,5
1765,9,9
1766,9,5
1767,9,9
1768,9,9
1769,9,5
1770,13,13
1771,13,13
1772,9,5
1773,9,5
1774,9,9
1775,9,9
1776,9,5
1777,9,9
1778,9,5
1779,9,9
1780,9,5
1781,9,5
1782,9,9
1783,9,9
1784,9,9
1785,9,9
1786,9,9
1787,9,5
1788,3,3
1789,10,12
1790,3,3
1791,5,5
1792,9,5
1793,9,9
1794,9,5
1795,#N/A,#N/A
1796,9,9
1797,9,9
1798,9,9
1799,9,5
1800,5,5
1801,3,3
1802,3,3
1803,5,5
1804,9,5
1805,3,3
1806,10,12
1807,5,5
1808,9,9
1809,9,9
1810,7,9
1811,3,3
1812,9,9
1813,5,5
1814,3,3
1815,3,3
1816,5,5
1817,5,5
1818,7,9
1819,9,9
1820,9,5
1821,9,5
1822,9,9
1823,9,9
1824,9,5
1825,11,0
1826,9,5
1827,11,0
1828,9,5
1829,11,0
1830,11,0
1831,9,9
1832,9,5
1833,9,5
1834,9,5
1835,9,10
1836,9,9
1837,9,10
1838,9,9
1839,9,9
1840,13,13
1841,#N/A,#N/A
1842,9,9
1843,9,5
1844,9,5
1845,9,9
1846,9,9
1847,9,5
1848,13,13
1849,9,9
1850,13,13
1851,9,5
1852,9,9
1853,13,13
1854,9,9
1855,9,5
1856,9,5
1857,9,9
1858,9,9
1859,9,9
1860,9,5
1861,9,5
1862,9,9
1863,9,5
1864,9,9
1865,9,5
1866,10,12
1867,9,9
1868,9,9
1869,3,3
1870,3,3
1871,3,3
1872,9,5
1873,5,5
1874,9,9
1875,9,5
1876,9,5
1877,9,9
1878,9,9
1879,5,5
1880,3,3
1881,5,5
1882,9,5
1883,3,3
1884,3,3
1885,3,3
1886,3,3
1887,10,12
1888,10,12
1889,3,3
1890,9,9
1891,7,9
1892,3,3
1893,3,3
1894,3,3
1895,3,3
1896,9,5
1897,5,5
1898,5,5
1899,9,5
1900,9,9
1901,9,9
1902,9,9
1903,9,9
1904,9,9
1905,9,10
1906,9,5
1907,11,0
1908,9,5
1909,9,5
1910,9,9
1911,9,9
1912,9,10
1913,9,5
1914,9,9
1915,3,3
1916,9,9
1917,9,5
1918,9,9
1919,9,5
1920,9,9
1921,9,5
1922,9,9
1923,9,9
1924,9,9
1925,9,9
1926,13,13
1927,9,9
1928,13,13
1929,9,9
1930,9,5
1931,#N/A,#N/A
1932,9,5
1933,9,9
1934,9,9
1935,9,9
1936,9,9
1937,9,5
1938,9,9
1939,9,5
1940,9,5
1941,9,5
1942,9,9
1943,9,5
1944,9,9
1945,9,9
1946,3,3
1947,9,5
1948,3,3
1949,3,3
1950,10,12
1951,3,3
1952,9,5
1953,3,3
1954,9,5
1955,9,5
1956,9,9
1957,9,9
1958,#N/A,#N/A
1959,9,9
1960,3,3
1961,9,5
1962,3,3
1963,9,5
1964,5,5
1965,3,3
1966,9,9
1967,3,3
1968,9,5
1969,9,5
1970,9,9
1971,3,3
1972,9,5
1973,3,3
1974,3,3
1975,3,3
1976,3,3
1977,9,5
1978,3,3
1979,5,5
1980,9,9
1981,11,0
1982,9,9
1983,9,9
1984,11,0
1985,9,9
1986,9,5
1987,9,5
1988,9,5
1989,9,5
1990,9,5
1991,9,5
1992,9,10
1993,11,0
1994,9,5
1995,9,9
1996,9,9
1997,10,12
1998,9,9
1999,9,5
2000,9,5
2001,9,9
2002,9,9
2003,9,5
2004,9,9
2005,9,9
2006,9,9
2007,9,9
2008,13,13
2009,13,13
2010,13,13
2011,13,13
2012,9,5
2013,9,9
2014,9,5
2015,9,9
2016,9,5
2017,9,5
2018,10,12
2019,9,9
2020,9,5
2021,9,9
2022,13,13
2023,9,5
2024,3,3
2025,3,3
2026,10,12
2027,3,3
2028,9,5
2029,9,9
2030,3,3
2031,9,9
2032,9,5
2033,9,5
2034,9,5
2035,9,9
2036,9,9
2037,9,5
2038,9,5
2039,9,9
2040,3,3
2041,9,5
2042,9,5
2043,3,3
2044,9,5
2045,9,9
2046,5,5
2047,5,5
2048,3,3
2049,7,9
2050,7,9
2051,9,9
2052,5,5
2053,7,9
2054,3,3
2055,3,3
2056,3,3
2057,3,3
2058,3,3
2059,5,5
2060,9,5
2061,9,9
2062,9,5
2063,9,5
2064,10,12
2065,9,5
2066,9,9
2067,9,9
2068,9,10
2069,9,9
2070,11,0
2071,9,9
2072,9,9
2073,9,5
2074,9,9
2075,9,10
2076,9,9
2077,9,5
2078,9,9
2079,9,9
2080,9,5
2081,9,9
2082,9,5
2083,9,5
2084,9,9
2085,13,13
2086,9,5
2087,9,9
2088,9,9
2089,9,5
2090,13,13
2091,9,9
2092,9,9
2093,9,9
2094,9,9
2095,10,12
2096,9,5
2097,9,5
2098,9,9
2099,9,5
2100,9,5
2101,9,9
2102,9,5
2103,9,9
2104,9,9
2105,3,3
2106,10,12
2107,9,9
2108,3,3
2109,9,9
2110,9,5
2111,3,3
2112,#N/A,#N/A
2113,9,5
2114,9,5
2115,3,3
2116,9,5
2117,9,5
2118,9,9
2119,9,5
2120,3,3
2121,3,3
2122,3,3
2123,9,9
2124,3,3
2125,5,5
2126,3,3
2127,9,5
2128,3,3
2129,9,5
2130,3,3
2131,7,9
2132,7,9
2133,3,3
2134,7,9
2135,3,3
2136,10,12
2137,3,3
2138,3,3
2139,3,3
2140,5,5
2141,5,5
2142,9,9
2143,9,10
2144,9,9
2145,9,9
2146,9,10
2147,11,0
2148,9,5
2149,9,5
2150,9,5
2151,9,9
2152,9,9
2153,9,9
2154,9,9
2155,9,9
2156,9,5
2157,9,9
2158,9,9
2159,9,9
2160,9,9
2161,9,9
2162,9,5
2163,9,5
2164,9,9
2165,9,5
2166,9,5
2167,9,5
2168,9,5
2169,9,5
2170,9,9
2171,9,5
2172,9,9
2173,9,9
2174,9,9
2175,9,5
2176,9,5
2177,9,5
2178,10,12
2179,9,9
2180,9,5
2181,9,5
2182,9,5
2183,9,5
2184,10,12
2185,9,9
2186,9,5
2187,3,3
2188,9,9
2189,9,9
2190,3,3
2191,9,5
2192,3,3
2193,3,3
2194,3,3
2195,9,5
2196,3,3
2197,9,5
2198,#N/A,#N/A
2199,3,3
2200,9,5
2201,3,3
2202,9,9
2203,3,3
2204,5,5
2205,3,3
2206,3,3
2207,3,3
2208,3,3
2209,9,5
2210,3,3
2211,7,9
2212,3,3
2213,9,5
2214,7,9
2215,3,3
2216,3,3
2217,3,3
2218,3,3
2219,7,9
2220,3,3
2221,3,3
2222,3,3
2223,9,5
2224,11,0
2225,9,9
2226,9,5
2227,9,9
2228,9,9
2229,9,9
2230,9,9
2231,9,5
2232,9,9
2233,9,5
2234,9,9
2235,9,9
2236,3,3
2237,9,9
2238,9,9
2239,9,9
2240,9,9
2241,9,9
2242,9,5
2243,9,5
2244,9,5
2245,9,9
2246,9,5
2247,9,9
2248,9,5
2249,9,9
2250,9,5
2251,9,5
2252,9,9
2253,9,9
2254,9,9
2255,9,5
2256,9,9
2257,10,12
2258,9,9
2259,9,9
2260,9,5
2261,9,5
2262,9,5
2263,9,5
2264,9,9
2265,9,5
2266,3,3
2267,9,9
2268,9,9
2269,3,3
2270,3,3
2271,3,3
2272,3,3
2273,9,5
2274,3,3
2275,3,3
2276,3,3
2277,9,5
2278,3,3
2279,9,5
2280,9,5
2281,9,5
2282,3,3
2283,9,5
2284,3,3
2285,3,3
2286,3,3
2287,9,5
2288,9,5
2289,3,3
2290,3,3
2291,13,13
2292,9,5
2293,3,3
2294,3,3
2295,3,3
2296,3,3
2297,9,9
2298,9,5
2299,3,3
2300,9,5
2301,3,3
2302,9,5
2303,9,5
2304,9,5
2305,9,10
2306,9,9
2307,9,9
2308,9,9
2309,9,10
2310,9,9
2311,9,9
2312,9,9
2313,9,9
2314,9,9
2315,9,9
2316,3,3
2317,9,9
2318,9,9
2319,9,9
2320,9,9
2321,9,9
2322,9,5
2323,9,5
2324,9,9
2325,9,5
2326,9,5
2327,9,9
2328,9,9
2329,9,9
2330,9,5
2331,9,5
2332,9,9
2333,9,5
2334,9,9
2335,9,9
2336,9,9
2337,9,9
2338,9,5
2339,9,5
2340,9,5
2341,9,9
2342,9,9
2343,9,9
2344,9,9
2345,9,5
2346,9,5
2347,10,12
2348,9,9
2349,9,9
2350,3,3
2351,3,3
2352,3,3
2353,3,3
2354,3,3
2355,3,3
2356,9,5
2357,3,3
2358,9,5
2359,3,3
2360,3,3
2361,9,5
2362,9,5
2363,9,5
2364,9,5
2365,10,12
2366,3,3
2367,9,5
2368,10,12
2369,3,3
2370,3,3
2371,7,9
2372,3,3
2373,3,3
2374,3,3
2375,3,3
2376,9,5
2377,3,3
2378,3,3
2379,3,3
2380,3,3
2381,3,3
2382,3,3
2383,3,3
2384,9,9
2385,9,9
2386,3,3
2387,9,9
2388,9,9
2389,9,9
2390,9,9
2391,9,9
2392,9,9
2393,9,9
2394,9,9
2395,9,9
2396,9,9
2397,9,9
2398,9,9
2399,9,9
2400,9,9
2401,9,9
2402,9,9
2403,9,5
2404,9,9
2405,9,5
2406,9,9
2407,9,5
2408,9,5
2409,9,9
2410,9,5
2411,9,9
2412,9,9
2413,9,5
2414,9,5
2415,9,5
2416,9,5
2417,9,5
2418,9,9
2419,9,9
2420,9,5
2421,9,9
2422,9,5
2423,9,5
2424,9,9
2425,9,5
2426,10,12
2427,3,3
2428,9,9
2429,9,9
2430,9,5
2431,3,3
2432,9,5
2433,3,3
2434,9,9
2435,10,12
2436,3,3
2437,9,5
2438,3,3
2439,3,3
2440,3,3
2441,9,9
2442,3,3
2443,3,3
2444,3,3
2445,10,12
2446,3,3
2447,3,3
2448,9,9
2449,3,3
2450,9,5
2451,3,3
2452,3,3
2453,9,5
2454,3,3
2455,3,3
2456,9,5
2457,3,3
2458,3,3
2459,9,5
2460,9,9
2461,5,5
2462,9,9
2463,3,3
2464,9,9
2465,3,3
2466,9,5
2467,9,9
2468,9,9
2469,9,9
2470,5,5
2471,3,3
2472,9,9
2473,9,9
2474,9,9
2475,9,9
2476,9,9
2477,9,9
2478,9,5
2479,9,9
2480,9,9
2481,9,5
2482,9,9
2483,9,5
2484,9,9
2485,9,9
2486,9,9
2487,9,5
2488,9,9
2489,9,9
2490,9,9
2491,9,9
2492,9,5
2493,9,9
2494,9,9
2495,9,9
2496,9,5
2497,9,5
2498,9,9
2499,9,5
2500,9,9
2501,9,9
2502,9,5
2503,9,5
2504,9,9
2505,3,3
2506,3,3
2507,3,3
2508,9,5
2509,3,3
2510,9,5
2511,9,5
2512,9,5
2513,9,9
2514,3,3
2515,3,3
2516,3,3
2517,9,5
2518,3,3
2519,9,5
2520,3,3
2521,3,3
2522,3,3
2523,3,3
2524,3,3
2525,3,3
2526,9,5
2527,3,3
2528,3,3
2529,3,3
2530,3,3
2531,3,3
2532,9,9
2533,3,3
2534,3,3
2535,9,9
2536,9,9
2537,5,5
2538,9,9
2539,9,9
2540,9,9
2541,3,3
2542,9,9
2543,9,9
2544,9,9
2545,9,9
2546,3,3
2547,9,5
2548,5,5
2549,3,3
2550,3,3
2551,9,9
2552,9,9
2553,9,5
2554,9,9
2555,9,9
2556,9,9
2557,9,9
2558,9,9
2559,9,9
2560,9,5
2561,9,9
2562,9,5
2563,9,5
2564,9,5
2565,9,9
2566,9,5
2567,9,5
2568,9,5
2569,9,5
2570,9,5
2571,9,5
2572,10,12
2573,9,9
2574,3,3
2575,9,5
2576,9,5
2577,9,9
2578,3,3
2579,3,3
2580,9,5
2581,9,5
2582,10,12
2583,10,12
2584,3,3
2585,9,5
2586,9,5
2587,10,12
2588,3,3
2589,3,3
2590,9,5
2591,9,5
2592,3,3
2593,9,9
2594,5,5
2595,3,3
2596,3,3
2597,3,3
2598,3,3
2599,3,3
2600,9,5
2601,3,3
2602,3,3
2603,3,3
2604,9,5
2605,9,5
2606,3,3
2607,3,3
2608,3,3
2609,9,9
2610,9,9
2611,9,5
2612,3,3
2613,9,9
2614,9,9
2615,5,5
2616,9,9
2617,9,9
2618,9,5
2619,5,5
2620,9,9
2621,10,12
2622,9,5
2623,3,3
2624,3,3
2625,3,3
2626,3,3
2627,9,9
2628,9,9
2629,9,9
2630,10,12
2631,9,9
2632,10,12
2633,9,5
2634,9,5
2635,9,5
2636,9,5
2637,9,9
2638,9,9
2639,9,5
2640,9,9
2641,9,5
2642,9,5
2643,9,5
2644,9,5
2645,10,12
2646,9,5
2647,9,5
2648,9,5
2649,3,3
2650,3,3
2651,3,3
2652,3,3
2653,9,5
2654,3,3
2655,3,3
2656,10,12
2657,9,5
2658,9,5
2659,9,5
2660,3,3
2661,3,3
2662,9,5
2663,#N/A,#N/A
2664,9,5
2665,9,5
2666,9,5
2667,3,3
2668,9,5
2669,9,5
2670,3,3
2671,3,3
2672,#N/A,#N/A
2673,3,3
2674,9,5
2675,3,3
2676,3,3
2677,3,3
2678,3,3
2679,3,3
2680,9,5
2681,9,9
2682,9,9
2683,9,9
2684,9,9
2685,9,9
2686,3,3
2687,3,3
2688,9,9
2689,10,12
2690,9,5
2691,9,5
2692,3,3
2693,10,12
2694,3,3
2695,9,9
2696,3,3
2697,9,9
2698,9,5
2699,9,9
2700,9,9
2701,9,9
2702,9,9
2703,9,9
2704,9,5
2705,9,5
2706,9,5
2707,9,5
2708,9,5
2709,#N/A,#N/A
2710,9,9
2711,9,9
2712,10,12
2713,10,12
2714,9,5
2715,9,5
2716,10,12
2717,9,5
2718,9,5
2719,9,5
2720,7,9
2721,3,3
2722,3,3
2723,3,3
2724,3,3
2725,3,3
2726,3,3
2727,7,9
2728,3,3
2729,3,3
2730,3,3
2731,3,3
2732,3,3
2733,7,9
2734,9,9
2735,7,9
2736,7,9
2737,10,12
2738,7,9
2739,9,5
2740,7,9
2741,3,3
2742,3,3
2743,7,9
2744,3,3
2745,3,3
2746,3,3
2747,3,3
2748,3,3
2749,3,3
2750,3,3
2751,7,9
2752,9,9
2753,7,9
2754,9,9
2755,9,5
2756,9,9
2757,3,3
2758,3,3
2759,3,3
2760,10,12
2761,9,5
2762,3,3
2763,10,12
2764,10,12
2765,9,9
2766,9,10
2767,9,9
2768,9,5
2769,9,5
2770,10,12
2771,9,5
2772,9,9
2773,9,9
2774,9,5
2775,#N/A,#N/A
2776,#N/A,#N/A
2777,9,5
2778,9,5
2779,9,5
2780,7,9
2781,9,5
2782,9,5
2783,10,12
2784,7,9
2785,9,5
2786,9,9
2787,9,5
2788,9,5
2789,9,5
2790,9,5
2791,7,9
2792,9,5
2793,3,3
2794,3,3
2795,9,9
2796,10,12
2797,3,3
2798,3,3
2799,10,12
2800,3,3
2801,3,3
2802,7,9
2803,3,3
2804,3,3
2805,3,3
2806,3,3
2807,10,12
2808,3,3
2809,9,5
2810,7,9
2811,3,3
2812,7,9
2813,3,3
2814,3,3
2815,3,3
2816,7,9
2817,7,9
2818,3,3
2819,3,3
2820,3,3
2821,10,12
2822,3,3
2823,9,9
2824,9,10
2825,3,3
2826,10,12
2827,10,12
2828,9,9
2829,3,3
2830,9,9
2831,9,10
2832,9,5
2833,9,10
2834,3,3
2835,9,9
2836,9,9
2837,9,5
2838,9,5
2839,10,12
2840,9,9
2841,10,12
2842,10,12
2843,10,12
2844,7,9
2845,10,12
2846,10,12
2847,9,5
2848,9,5
2849,9,5
2850,9,5
2851,9,5
2852,9,5
2853,9,5
2854,9,5
2855,9,5
2856,9,5
2857,3,3
2858,3,3
2859,9,5
2860,3,3
2861,9,9
2862,3,3
2863,3,3
2864,3,3
2865,7,9
2866,3,3
2867,3,3
2868,3,3
2869,9,5
2870,3,3
2871,7,9
2872,7,9
2873,3,3
2874,9,5
2875,9,9
2876,3,3
2877,3,3
2878,3,3
2879,3,3
2880,9,9
2881,3,3
2882,3,3
2883,3,3
2884,7,9
2885,3,3
2886,7,9
2887,9,9
2888,9,10
2889,10,12
2890,9,9
2891,9,9
2892,10,12
2893,3,3
2894,9,10
2895,9,9
2896,9,9
2897,9,9
2898,9,9
2899,9,9
2900,9,5
2901,9,5
2902,9,9
2903,10,12
2904,9,5
2905,10,12
2906,9,5
2907,3,3
2908,3,3
2909,9,5
2910,9,5
2911,3,3
2912,9,5
2913,9,9
2914,7,9
2915,9,5
2916,9,5
2917,10,12
2918,7,9
2919,3,3
2920,3,3
2921,9,5
2922,3,3
2923,3,3
2924,3,3
2925,7,9
2926,3,3
2927,3,3
2928,9,5
2929,9,5
2930,3,3
2931,3,3
2932,3,3
2933,3,3
2934,7,9
2935,3,3
2936,3,3
2937,3,3
2938,3,3
2939,3,3
2940,9,9
2941,9,5
2942,9,5
2943,9,5
2944,9,9
2945,10,12
2946,9,9
2947,9,10
2948,9,9
2949,9,9
2950,10,12
2951,9,5
2952,9,9
2953,10,12
2954,9,5
2955,9,5
2956,3,3
2957,3,3
2958,7,9
2959,7,9
2960,9,5
2961,9,5
2962,3,3
2963,7,9
2964,3,3
2965,7,9
2966,3,3
2967,7,9
2968,9,5
2969,3,3
2970,9,9
2971,3,3
2972,3,3
2973,3,3
2974,7,9
2975,3,3
2976,3,3
2977,3,3
2978,7,9
2979,3,3
2980,3,3
2981,10,12
2982,9,5
2983,9,5
2984,10,12
2985,7,9
2986,10,12
2987,3,3
2988,10,12
2989,3,3
2990,9,9
2991,9,5
2992,7,9
2993,9,5
2994,7,9
2995,9,5
2996,7,9
2997,9,5
2998,10,12
2999,3,3
3000,9,9
3001,7,9
3002,3,3
3003,7,9
3004,7,9
3005,3,3
3006,9,9
3007,7,9
3008,3,3
3009,3,3
3010,9,9
3011,9,5
3012,3,3
3013,7,9
3014,3,3
3015,3,3
3016,7,9
3017,3,3
3018,9,9
3019,3,3
3020,10,12
3021,10,12
3022,10,12
3023,9,9
3024,7,9
3025,10,12
3026,10,12
3027,10,12
3028,9,5
3029,7,9
3030,9,5
3031,7,9
3032,9,5
3033,9,5
3034,9,5
3035,3,3
3036,3,3
3037,10,12
3038,9,5
3039,7,9
3040,7,9
3041,9,5
3042,9,9
3043,9,9
3044,10,12
3045,3,3
3046,3,3
3047,3,3
3048,9,5
3049,3,3
3050,9,9
3051,3,3
3052,3,3
3053,3,3
3054,3,3
3055,3,3
3056,3,3
3057,9,9
3058,10,12
3059,10,12
3060,10,12
3061,9,5
3062,9,5
3063,9,5
3064,7,9
3065,7,9
3066,3,3
3067,9,5
3068,3,3
3069,3,3
3070,3,3
3071,3,3
3072,3,3
3073,3,3
3074,3,3
3075,3,3
3076,3,3
3077,3,3
3078,3,3
3079,3,3
3080,3,3
3081,7,9
3082,10,12
3083,10,12
3084,9,5
3085,3,3
3086,9,5
3087,7,9
3088,9,5
3089,3,3
3090,3,3
3091,3,3
3092,9,5
3093,3,3
3094,3,3
3095,3,3
3096,7,9
3097,13,13
3098,3,3
3099,9,5
3100,9,5
3101,9,5
3102,9,5
3103,10,12
3104,3,3
3105,3,3
3106,3,3
3107,3,3
